"CODE","COMMENT","REMARK","ACTIVE"
"D521","","",""
"D592","","",""
"D594","","",""
"D596","","",""
"D611","","",""
"D612","","",""
"D642","","",""
"D683","","",""
"D695","","",""
"D748","","",""
"E032","","",""
"E058","","",""
"E064","","",""
"E160","","",""
"E231","","",""
"E242","","",""
"E273","","",""
"E661","","",""
"E802","","",""
"G040","","",""
"G210","","",""
"G211","","",""
"G212","","",""
"G240","","",""
"G251","","",""
"G254","","",""
"G256","","",""
"G444","","",""
"G611","","",""
"G620","","",""
"G622","","",""
"G628","","",""
"G701","","",""
"G720","","",""
"G92","","",""
"G937","","",""
"G938","","",""
"H261","","",""
"H263","","",""
"H406","","",""
"I427","","",""
"I952","","",""
"J680","","",""
"J681","","",""
"J682","","",""
"J683","","",""
"J684","","",""
"J688","","",""
"J689","","",""
"J690","","",""
"J691","","",""
"J698","","",""
"J700","","",""
"J701","","",""
"J702","","",""
"J703","","",""
"J704","","",""
"J708","","",""
"J709","","",""
"K062","","",""
"K221","","",""
"K521","","",""
"L233","","",""
"L244","","",""
"L251","","",""
"L270","","",""
"L271","","",""
"L432","","",""
"L530","","",""
"L560","","",""
"L561","","",""
"L640","","",""
"M1020","","",""
"M1021","","",""
"M1022","","",""
"M1023","","",""
"M1024","","",""
"M1025","","",""
"M1026","","",""
"M1027","","",""
"M1028","","",""
"M1029","","",""
"M320","","",""
"M342","","",""
"M8040","","",""
"M8041","","",""
"M8042","","",""
"M8043","","",""
"M8044","","",""
"M8045","","",""
"M8046","","",""
"M8047","","",""
"M8048","","",""
"M8049","","",""
"M8140","","",""
"M8141","","",""
"M8142","","",""
"M8143","","",""
"M8144","","",""
"M8145","","",""
"M8146","","",""
"M8147","","",""
"M8148","","",""
"M8149","","",""
"M8350","","",""
"M8351","","",""
"M8352","","",""
"M8353","","",""
"M8354","","",""
"M8355","","",""
"M8356","","",""
"M8357","","",""
"M8358","","",""
"M8359","","",""
"M8710","","",""
"M8711","","",""
"M8712","","",""
"M8713","","",""
"M8714","","",""
"M8715","","",""
"M8716","","",""
"M8717","","",""
"M8718","","",""
"M8719","","",""
"N140","","",""
"N141","","",""
"N142","","",""
"N143","","",""
"N144","","",""
"N304","","",""
"S00","","",""
"S000","","",""
"S001","","",""
"S002","","",""
"S003","","",""
"S004","","",""
"S005","","",""
"S007","","",""
"S008","","",""
"S009","","",""
"S01","","",""
"S010","","",""
"S011","","",""
"S012","","",""
"S013","","",""
"S014","","",""
"S015","","",""
"S017","","",""
"S018","","",""
"S019","","",""
"S02","","",""
"S020","","",""
"S0200","","",""
"S0201","","",""
"S021","","",""
"S0210","","",""
"S0211","","",""
"S022","","",""
"S0220","","",""
"S0221","","",""
"S023","","",""
"S0230","","",""
"S0231","","",""
"S024","","",""
"S0240","","",""
"S0241","","",""
"S025","","",""
"S0250","","",""
"S0251","","",""
"S026","","",""
"S0260","","",""
"S0261","","",""
"S027","","",""
"S0270","","",""
"S0271","","",""
"S028","","",""
"S0280","","",""
"S0281","","",""
"S029","","",""
"S0290","","",""
"S0291","","",""
"S03","","",""
"S030","","",""
"S031","","",""
"S032","","",""
"S033","","",""
"S034","","",""
"S035","","",""
"S04","","",""
"S040","","",""
"S041","","",""
"S042","","",""
"S043","","",""
"S044","","",""
"S045","","",""
"S046","","",""
"S047","","",""
"S048","","",""
"S049","","",""
"S05","","",""
"S050","","",""
"S051","","",""
"S052","","",""
"S053","","",""
"S054","","",""
"S055","","",""
"S056","","",""
"S057","","",""
"S058","","",""
"S059","","",""
"S06","","",""
"S060","","",""
"S0600","","",""
"S0601","","",""
"S061","","",""
"S0610","","",""
"S0611","","",""
"S062","","",""
"S0620","","",""
"S0621","","",""
"S063","","",""
"S0630","","",""
"S0631","","",""
"S064","","",""
"S0640","","",""
"S0641","","",""
"S065","","",""
"S0650","","",""
"S0651","","",""
"S066","","",""
"S0660","","",""
"S0661","","",""
"S067","","",""
"S0670","","",""
"S0671","","",""
"S068","","",""
"S0680","","",""
"S0681","","",""
"S069","","",""
"S0690","","",""
"S0691","","",""
"S07","","",""
"S070","","",""
"S071","","",""
"S078","","",""
"S079","","",""
"S08","","",""
"S080","","",""
"S081","","",""
"S088","","",""
"S089","","",""
"S09","","",""
"S090","","",""
"S091","","",""
"S092","","",""
"S097","","",""
"S098","","",""
"S099","","",""
"S10","","",""
"S100","","",""
"S101","","",""
"S107","","",""
"S108","","",""
"S109","","",""
"S11","","",""
"S110","","",""
"S111","","",""
"S112","","",""
"S117","","",""
"S118","","",""
"S119","","",""
"S12","","",""
"S120","","",""
"S1200","","",""
"S1201","","",""
"S121","","",""
"S1210","","",""
"S1211","","",""
"S122","","",""
"S1220","","",""
"S1221","","",""
"S127","","",""
"S1270","","",""
"S1271","","",""
"S128","","",""
"S1280","","",""
"S1281","","",""
"S129","","",""
"S1290","","",""
"S1291","","",""
"S13","","",""
"S130","","",""
"S131","","",""
"S132","","",""
"S133","","",""
"S134","","",""
"S135","","",""
"S136","","",""
"S14","","",""
"S140","","",""
"S141","","",""
"S142","","",""
"S143","","",""
"S144","","",""
"S145","","",""
"S146","","",""
"S15","","",""
"S150","","",""
"S151","","",""
"S152","","",""
"S153","","",""
"S157","","",""
"S158","","",""
"S159","","",""
"S16","","",""
"S17","","",""
"S170","","",""
"S178","","",""
"S179","","",""
"S18","","",""
"S19","","",""
"S197","","",""
"S198","","",""
"S199","","",""
"S20","","",""
"S200","","",""
"S201","","",""
"S202","","",""
"S203","","",""
"S204","","",""
"S207","","",""
"S208","","",""
"S21","","",""
"S210","","",""
"S211","","",""
"S212","","",""
"S217","","",""
"S218","","",""
"S219","","",""
"S22","","",""
"S220","","",""
"S2200","","",""
"S2201","","",""
"S221","","",""
"S2210","","",""
"S2211","","",""
"S222","","",""
"S2220","","",""
"S2221","","",""
"S223","","",""
"S2230","","",""
"S2231","","",""
"S224","","",""
"S2240","","",""
"S2241","","",""
"S225","","",""
"S2250","","",""
"S2251","","",""
"S228","","",""
"S2280","","",""
"S2281","","",""
"S229","","",""
"S2290","","",""
"S2291","","",""
"S23","","",""
"S230","","",""
"S231","","",""
"S232","","",""
"S233","","",""
"S234","","",""
"S235","","",""
"S24","","",""
"S240","","",""
"S241","","",""
"S242","","",""
"S243","","",""
"S244","","",""
"S245","","",""
"S246","","",""
"S25","","",""
"S250","","",""
"S251","","",""
"S252","","",""
"S253","","",""
"S254","","",""
"S255","","",""
"S257","","",""
"S258","","",""
"S259","","",""
"S26","","",""
"S260","","",""
"S2600","","",""
"S2601","","",""
"S268","","",""
"S2680","","",""
"S2681","","",""
"S269","","",""
"S2690","","",""
"S2691","","",""
"S27","","",""
"S270","","",""
"S2700","","",""
"S2701","","",""
"S271","","",""
"S2710","","",""
"S2711","","",""
"S272","","",""
"S2720","","",""
"S2721","","",""
"S273","","",""
"S2730","","",""
"S2731","","",""
"S274","","",""
"S2740","","",""
"S2741","","",""
"S275","","",""
"S2750","","",""
"S2751","","",""
"S276","","",""
"S2760","","",""
"S2761","","",""
"S277","","",""
"S2770","","",""
"S2771","","",""
"S278","","",""
"S2780","","",""
"S2781","","",""
"S279","","",""
"S2790","","",""
"S2791","","",""
"S28","","",""
"S280","","",""
"S281","","",""
"S29","","",""
"S290","","",""
"S297","","",""
"S298","","",""
"S299","","",""
"S30","","",""
"S300","","",""
"S301","","",""
"S302","","",""
"S307","","",""
"S308","","",""
"S309","","",""
"S31","","",""
"S310","","",""
"S311","","",""
"S312","","",""
"S313","","",""
"S314","","",""
"S315","","",""
"S317","","",""
"S318","","",""
"S32","","",""
"S320","","",""
"S3200","","",""
"S3201","","",""
"S321","","",""
"S3210","","",""
"S3211","","",""
"S322","","",""
"S3220","","",""
"S3221","","",""
"S323","","",""
"S3230","","",""
"S3231","","",""
"S324","","",""
"S3240","","",""
"S3241","","",""
"S325","","",""
"S3250","","",""
"S3251","","",""
"S327","","",""
"S3270","","",""
"S3271","","",""
"S328","","",""
"S3280","","",""
"S3281","","",""
"S33","","",""
"S330","","",""
"S331","","",""
"S332","","",""
"S333","","",""
"S334","","",""
"S335","","",""
"S336","","",""
"S337","","",""
"S34","","",""
"S340","","",""
"S341","","",""
"S342","","",""
"S343","","",""
"S344","","",""
"S345","","",""
"S346","","",""
"S348","","",""
"S35","","",""
"S350","","",""
"S351","","",""
"S352","","",""
"S353","","",""
"S354","","",""
"S355","","",""
"S357","","",""
"S358","","",""
"S359","","",""
"S36","","",""
"S360","","",""
"S3600","","",""
"S3601","","",""
"S361","","",""
"S3610","","",""
"S3611","","",""
"S362","","",""
"S3620","","",""
"S3621","","",""
"S363","","",""
"S3630","","",""
"S3631","","",""
"S364","","",""
"S3640","","",""
"S3641","","",""
"S365","","",""
"S3650","","",""
"S3651","","",""
"S366","","",""
"S3660","","",""
"S3661","","",""
"S367","","",""
"S3670","","",""
"S3671","","",""
"S368","","",""
"S3680","","",""
"S3681","","",""
"S369","","",""
"S3690","","",""
"S3691","","",""
"S37","","",""
"S370","","",""
"S3700","","",""
"S3701","","",""
"S371","","",""
"S3710","","",""
"S3711","","",""
"S372","","",""
"S3720","","",""
"S3721","","",""
"S373","","",""
"S3730","","",""
"S3731","","",""
"S374","","",""
"S3740","","",""
"S3741","","",""
"S375","","",""
"S3750","","",""
"S3751","","",""
"S376","","",""
"S3760","","",""
"S3761","","",""
"S377","","",""
"S3770","","",""
"S3771","","",""
"S378","","",""
"S3780","","",""
"S3781","","",""
"S379","","",""
"S3790","","",""
"S3791","","",""
"S38","","",""
"S380","","",""
"S381","","",""
"S382","","",""
"S383","","",""
"S39","","",""
"S390","","",""
"S396","","",""
"S397","","",""
"S398","","",""
"S399","","",""
"S40","","",""
"S400","","",""
"S407","","",""
"S408","","",""
"S409","","",""
"S41","","",""
"S410","","",""
"S411","","",""
"S417","","",""
"S418","","",""
"S42","","",""
"S420","","",""
"S4200","","",""
"S4201","","",""
"S421","","",""
"S4210","","",""
"S4211","","",""
"S422","","",""
"S4220","","",""
"S4221","","",""
"S423","","",""
"S4230","","",""
"S4231","","",""
"S424","","",""
"S4240","","",""
"S4241","","",""
"S427","","",""
"S4270","","",""
"S4271","","",""
"S428","","",""
"S4280","","",""
"S4281","","",""
"S429","","",""
"S4290","","",""
"S4291","","",""
"S43","","",""
"S430","","",""
"S431","","",""
"S432","","",""
"S433","","",""
"S434","","",""
"S435","","",""
"S436","","",""
"S437","","",""
"S44","","",""
"S440","","",""
"S441","","",""
"S442","","",""
"S443","","",""
"S444","","",""
"S445","","",""
"S447","","",""
"S448","","",""
"S449","","",""
"S45","","",""
"S450","","",""
"S451","","",""
"S452","","",""
"S453","","",""
"S457","","",""
"S458","","",""
"S459","","",""
"S46","","",""
"S460","","",""
"S461","","",""
"S462","","",""
"S463","","",""
"S467","","",""
"S468","","",""
"S469","","",""
"S47","","",""
"S48","","",""
"S480","","",""
"S481","","",""
"S489","","",""
"S49","","",""
"S497","","",""
"S498","","",""
"S499","","",""
"S50","","",""
"S500","","",""
"S501","","",""
"S507","","",""
"S508","","",""
"S509","","",""
"S51","","",""
"S510","","",""
"S517","","",""
"S518","","",""
"S519","","",""
"S52","","",""
"S520","","",""
"S5200","","",""
"S5201","","",""
"S521","","",""
"S5210","","",""
"S5211","","",""
"S522","","",""
"S5220","","",""
"S5221","","",""
"S523","","",""
"S5230","","",""
"S5231","","",""
"S524","","",""
"S5240","","",""
"S5241","","",""
"S525","","",""
"S5250","","",""
"S5251","","",""
"S526","","",""
"S5260","","",""
"S5261","","",""
"S527","","",""
"S5270","","",""
"S5271","","",""
"S528","","",""
"S5280","","",""
"S5281","","",""
"S529","","",""
"S5290","","",""
"S5291","","",""
"S53","","",""
"S530","","",""
"S531","","",""
"S532","","",""
"S533","","",""
"S534","","",""
"S54","","",""
"S540","","",""
"S541","","",""
"S542","","",""
"S543","","",""
"S547","","",""
"S548","","",""
"S549","","",""
"S55","","",""
"S550","","",""
"S551","","",""
"S552","","",""
"S557","","",""
"S558","","",""
"S559","","",""
"S56","","",""
"S560","","",""
"S561","","",""
"S562","","",""
"S563","","",""
"S564","","",""
"S565","","",""
"S567","","",""
"S568","","",""
"S57","","",""
"S570","","",""
"S578","","",""
"S579","","",""
"S58","","",""
"S580","","",""
"S581","","",""
"S589","","",""
"S59","","",""
"S597","","",""
"S598","","",""
"S599","","",""
"S60","","",""
"S600","","",""
"S601","","",""
"S602","","",""
"S607","","",""
"S608","","",""
"S609","","",""
"S61","","",""
"S610","","",""
"S611","","",""
"S617","","",""
"S618","","",""
"S619","","",""
"S62","","",""
"S620","","",""
"S6200","","",""
"S6201","","",""
"S621","","",""
"S6210","","",""
"S6211","","",""
"S622","","",""
"S6220","","",""
"S6221","","",""
"S623","","",""
"S6230","","",""
"S6231","","",""
"S624","","",""
"S6240","","",""
"S6241","","",""
"S625","","",""
"S6250","","",""
"S6251","","",""
"S626","","",""
"S6260","","",""
"S6261","","",""
"S627","","",""
"S6270","","",""
"S6271","","",""
"S628","","",""
"S6280","","",""
"S6281","","",""
"S63","","",""
"S630","","",""
"S631","","",""
"S632","","",""
"S633","","",""
"S634","","",""
"S635","","",""
"S636","","",""
"S637","","",""
"S64","","",""
"S640","","",""
"S641","","",""
"S642","","",""
"S643","","",""
"S644","","",""
"S647","","",""
"S648","","",""
"S649","","",""
"S65","","",""
"S650","","",""
"S651","","",""
"S652","","",""
"S653","","",""
"S654","","",""
"S655","","",""
"S657","","",""
"S658","","",""
"S659","","",""
"S66","","",""
"S660","","",""
"S661","","",""
"S662","","",""
"S663","","",""
"S664","","",""
"S665","","",""
"S666","","",""
"S667","","",""
"S668","","",""
"S669","","",""
"S67","","",""
"S670","","",""
"S678","","",""
"S68","","",""
"S680","","",""
"S681","","",""
"S682","","",""
"S683","","",""
"S684","","",""
"S688","","",""
"S689","","",""
"S69","","",""
"S697","","",""
"S698","","",""
"S699","","",""
"S70","","",""
"S700","","",""
"S701","","",""
"S707","","",""
"S708","","",""
"S709","","",""
"S71","","",""
"S710","","",""
"S711","","",""
"S717","","",""
"S718","","",""
"S72","","",""
"S720","","",""
"S7200","","",""
"S7201","","",""
"S721","","",""
"S7210","","",""
"S7211","","",""
"S722","","",""
"S7220","","",""
"S7221","","",""
"S723","","",""
"S7230","","",""
"S7231","","",""
"S724","","",""
"S7240","","",""
"S7241","","",""
"S727","","",""
"S7270","","",""
"S7271","","",""
"S728","","",""
"S7280","","",""
"S7281","","",""
"S729","","",""
"S7290","","",""
"S7291","","",""
"S73","","",""
"S730","","",""
"S731","","",""
"S74","","",""
"S740","","",""
"S741","","",""
"S742","","",""
"S747","","",""
"S748","","",""
"S749","","",""
"S75","","",""
"S750","","",""
"S751","","",""
"S752","","",""
"S757","","",""
"S758","","",""
"S759","","",""
"S76","","",""
"S760","","",""
"S761","","",""
"S762","","",""
"S763","","",""
"S764","","",""
"S767","","",""
"S77","","",""
"S770","","",""
"S771","","",""
"S772","","",""
"S78","","",""
"S780","","",""
"S781","","",""
"S789","","",""
"S79","","",""
"S797","","",""
"S798","","",""
"S799","","",""
"S80","","",""
"S800","","",""
"S801","","",""
"S807","","",""
"S808","","",""
"S809","","",""
"S81","","",""
"S810","","",""
"S817","","",""
"S818","","",""
"S819","","",""
"S82","","",""
"S820","","",""
"S8200","","",""
"S8201","","",""
"S821","","",""
"S8210","","",""
"S8211","","",""
"S822","","",""
"S8220","","",""
"S8221","","",""
"S823","","",""
"S8230","","",""
"S8231","","",""
"S824","","",""
"S8240","","",""
"S8241","","",""
"S825","","",""
"S8250","","",""
"S8251","","",""
"S826","","",""
"S8260","","",""
"S8261","","",""
"S827","","",""
"S8270","","",""
"S8271","","",""
"S828","","",""
"S8280","","",""
"S8281","","",""
"S829","","",""
"S8290","","",""
"S8291","","",""
"S83","","",""
"S830","","",""
"S831","","",""
"S832","","",""
"S833","","",""
"S834","","",""
"S835","","",""
"S836","","",""
"S837","","",""
"S84","","",""
"S840","","",""
"S841","","",""
"S842","","",""
"S847","","",""
"S848","","",""
"S849","","",""
"S85","","",""
"S850","","",""
"S851","","",""
"S852","","",""
"S853","","",""
"S854","","",""
"S855","","",""
"S857","","",""
"S858","","",""
"S859","","",""
"S86","","",""
"S860","","",""
"S861","","",""
"S862","","",""
"S863","","",""
"S867","","",""
"S868","","",""
"S869","","",""
"S87","","",""
"S870","","",""
"S878","","",""
"S88","","",""
"S880","","",""
"S881","","",""
"S889","","",""
"S89","","",""
"S897","","",""
"S898","","",""
"S899","","",""
"S90","","",""
"S900","","",""
"S901","","",""
"S902","","",""
"S903","","",""
"S907","","",""
"S908","","",""
"S909","","",""
"S91","","",""
"S910","","",""
"S911","","",""
"S912","","",""
"S913","","",""
"S917","","",""
"S92","","",""
"S920","","",""
"S9200","","",""
"S9201","","",""
"S921","","",""
"S9210","","",""
"S9211","","",""
"S922","","",""
"S9220","","",""
"S9221","","",""
"S923","","",""
"S9230","","",""
"S9231","","",""
"S924","","",""
"S9240","","",""
"S9241","","",""
"S925","","",""
"S9250","","",""
"S9251","","",""
"S927","","",""
"S9270","","",""
"S9271","","",""
"S929","","",""
"S9290","","",""
"S9291","","",""
"S93","","",""
"S930","","",""
"S931","","",""
"S932","","",""
"S933","","",""
"S934","","",""
"S935","","",""
"S936","","",""
"S94","","",""
"S940","","",""
"S941","","",""
"S942","","",""
"S943","","",""
"S947","","",""
"S948","","",""
"S949","","",""
"S95","","",""
"S950","","",""
"S951","","",""
"S952","","",""
"S957","","",""
"S958","","",""
"S959","","",""
"S96","","",""
"S960","","",""
"S961","","",""
"S962","","",""
"S967","","",""
"S968","","",""
"S969","","",""
"S97","","",""
"S970","","",""
"S971","","",""
"S978","","",""
"S98","","",""
"S980","","",""
"S981","","",""
"S982","","",""
"S983","","",""
"S984","","",""
"S99","","",""
"S997","","",""
"S998","","",""
"S999","","",""
"T00","","",""
"T000","","",""
"T001","","",""
"T002","","",""
"T003","","",""
"T006","","",""
"T008","","",""
"T009","","",""
"T01","","",""
"T010","","",""
"T011","","",""
"T012","","",""
"T013","","",""
"T016","","",""
"T018","","",""
"T019","","",""
"T02","","",""
"T020","","",""
"T0200","","",""
"T0201","","",""
"T021","","",""
"T0210","","",""
"T0211","","",""
"T022","","",""
"T0220","","",""
"T0221","","",""
"T023","","",""
"T0230","","",""
"T0231","","",""
"T024","","",""
"T0240","","",""
"T0241","","",""
"T025","","",""
"T0250","","",""
"T0251","","",""
"T026","","",""
"T0260","","",""
"T0261","","",""
"T027","","",""
"T0270","","",""
"T0271","","",""
"T028","","",""
"T0280","","",""
"T0281","","",""
"T029","","",""
"T0290","","",""
"T0291","","",""
"T03","","",""
"T030","","",""
"T031","","",""
"T032","","",""
"T033","","",""
"T034","","",""
"T038","","",""
"T039","","",""
"T04","","",""
"T040","","",""
"T041","","",""
"T042","","",""
"T043","","",""
"T044","","",""
"T047","","",""
"T048","","",""
"T049","","",""
"T05","","",""
"T050","","",""
"T051","","",""
"T052","","",""
"T053","","",""
"T054","","",""
"T055","","",""
"T056","","",""
"T058","","",""
"T059","","",""
"T06","","",""
"T060","","",""
"T061","","",""
"T062","","",""
"T063","","",""
"T064","","",""
"T065","","",""
"T068","","",""
"T07","","",""
"T08","","",""
"T080","","",""
"T081","","",""
"T09","","",""
"T090","","",""
"T091","","",""
"T092","","",""
"T093","","",""
"T094","","",""
"T095","","",""
"T096","","",""
"T098","","",""
"T099","","",""
"T10","","",""
"T100","","",""
"T101","","",""
"T11","","",""
"T110","","",""
"T111","","",""
"T112","","",""
"T113","","",""
"T114","","",""
"T115","","",""
"T116","","",""
"T118","","",""
"T119","","",""
"T12","","",""
"T120","","",""
"T121","","",""
"T13","","",""
"T130","","",""
"T131","","",""
"T132","","",""
"T133","","",""
"T134","","",""
"T135","","",""
"T136","","",""
"T138","","",""
"T139","","",""
"T14","","",""
"T140","","",""
"T141","","",""
"T142","","",""
"T1420","","",""
"T1421","","",""
"T143","","",""
"T144","","",""
"T145","","",""
"T146","","",""
"T147","","",""
"T148","","",""
"T149","","",""
"T15","","",""
"T150","","",""
"T151","","",""
"T158","","",""
"T159","","",""
"T16","","",""
"T17","","",""
"T170","","",""
"T171","","",""
"T172","","",""
"T173","","",""
"T174","","",""
"T175","","",""
"T178","","",""
"T179","","",""
"T18","","",""
"T180","","",""
"T181","","",""
"T182","","",""
"T183","","",""
"T184","","",""
"T185","","",""
"T188","","",""
"T189","","",""
"T19","","",""
"T190","","",""
"T191","","",""
"T192","","",""
"T193","","",""
"T198","","",""
"T199","","",""
"T20","","",""
"T200","","",""
"T201","","",""
"T202","","",""
"T203","","",""
"T204","","",""
"T205","","",""
"T206","","",""
"T207","","",""
"T21","","",""
"T210","","",""
"T211","","",""
"T212","","",""
"T213","","",""
"T214","","",""
"T215","","",""
"T216","","",""
"T217","","",""
"T22","","",""
"T220","","",""
"T221","","",""
"T222","","",""
"T223","","",""
"T224","","",""
"T225","","",""
"T226","","",""
"T227","","",""
"T23","","",""
"T230","","",""
"T231","","",""
"T232","","",""
"T233","","",""
"T234","","",""
"T235","","",""
"T236","","",""
"T237","","",""
"T24","","",""
"T240","","",""
"T241","","",""
"T242","","",""
"T243","","",""
"T244","","",""
"T245","","",""
"T246","","",""
"T247","","",""
"T25","","",""
"T250","","",""
"T251","","",""
"T252","","",""
"T253","","",""
"T254","","",""
"T255","","",""
"T256","","",""
"T257","","",""
"T26","","",""
"T260","","",""
"T261","","",""
"T262","","",""
"T263","","",""
"T264","","",""
"T265","","",""
"T266","","",""
"T267","","",""
"T268","","",""
"T269","","",""
"T27","","",""
"T270","","",""
"T271","","",""
"T272","","",""
"T273","","",""
"T274","","",""
"T275","","",""
"T276","","",""
"T277","","",""
"T28","","",""
"T280","","",""
"T281","","",""
"T282","","",""
"T283","","",""
"T284","","",""
"T285","","",""
"T286","","",""
"T287","","",""
"T288","","",""
"T289","","",""
"T29","","",""
"T290","","",""
"T291","","",""
"T292","","",""
"T293","","",""
"T294","","",""
"T295","","",""
"T296","","",""
"T297","","",""
"T30","","",""
"T300","","",""
"T301","","",""
"T302","","",""
"T303","","",""
"T304","","",""
"T305","","",""
"T306","","",""
"T307","","",""
"T31","","",""
"T310","","",""
"T311","","",""
"T312","","",""
"T313","","",""
"T314","","",""
"T315","","",""
"T316","","",""
"T317","","",""
"T318","","",""
"T319","","",""
"T32","","",""
"T320","","",""
"T321","","",""
"T322","","",""
"T323","","",""
"T324","","",""
"T325","","",""
"T326","","",""
"T327","","",""
"T328","","",""
"T329","","",""
"T33","","",""
"T330","","",""
"T331","","",""
"T332","","",""
"T333","","",""
"T334","","",""
"T335","","",""
"T336","","",""
"T337","","",""
"T338","","",""
"T339","","",""
"T34","","",""
"T340","","",""
"T341","","",""
"T342","","",""
"T343","","",""
"T344","","",""
"T345","","",""
"T346","","",""
"T347","","",""
"T348","","",""
"T349","","",""
"T35","","",""
"T350","","",""
"T351","","",""
"T352","","",""
"T353","","",""
"T354","","",""
"T355","","",""
"T356","","",""
"T357","","",""
"T36","","",""
"T360","","",""
"T361","","",""
"T362","","",""
"T363","","",""
"T364","","",""
"T365","","",""
"T366","","",""
"T367","","",""
"T368","","",""
"T369","","",""
"T37","","",""
"T370","","",""
"T371","","",""
"T372","","",""
"T373","","",""
"T374","","",""
"T375","","",""
"T378","","",""
"T379","","",""
"T38","","",""
"T380","","",""
"T381","","",""
"T382","","",""
"T383","","",""
"T384","","",""
"T385","","",""
"T386","","",""
"T387","","",""
"T388","","",""
"T389","","",""
"T39","","",""
"T390","","",""
"T391","","",""
"T392","","",""
"T393","","",""
"T394","","",""
"T398","","",""
"T399","","",""
"T40","","",""
"T400","","",""
"T401","","",""
"T402","","",""
"T403","","",""
"T404","","",""
"T405","","",""
"T406","","",""
"T407","","",""
"T408","","",""
"T409","","",""
"T41","","",""
"T410","","",""
"T411","","",""
"T412","","",""
"T413","","",""
"T414","","",""
"T415","","",""
"T42","","",""
"T420","","",""
"T421","","",""
"T422","","",""
"T423","","",""
"T424","","",""
"T425","","",""
"T426","","",""
"T427","","",""
"T428","","",""
"T43","","",""
"T430","","",""
"T431","","",""
"T432","","",""
"T433","","",""
"T434","","",""
"T435","","",""
"T436","","",""
"T438","","",""
"T439","","",""
"T44","","",""
"T440","","",""
"T441","","",""
"T442","","",""
"T443","","",""
"T444","","",""
"T445","","",""
"T446","","",""
"T447","","",""
"T448","","",""
"T449","","",""
"T45","","",""
"T450","","",""
"T451","","",""
"T452","","",""
"T453","","",""
"T454","","",""
"T455","","",""
"T456","","",""
"T457","","",""
"T458","","",""
"T459","","",""
"T46","","",""
"T460","","",""
"T461","","",""
"T462","","",""
"T463","","",""
"T464","","",""
"T465","","",""
"T466","","",""
"T467","","",""
"T468","","",""
"T469","","",""
"T47","","",""
"T470","","",""
"T471","","",""
"T472","","",""
"T473","","",""
"T474","","",""
"T475","","",""
"T476","","",""
"T477","","",""
"T478","","",""
"T479","","",""
"T48","","",""
"T480","","",""
"T481","","",""
"T482","","",""
"T483","","",""
"T484","","",""
"T485","","",""
"T486","","",""
"T487","","",""
"T49","","",""
"T490","","",""
"T491","","",""
"T492","","",""
"T493","","",""
"T494","","",""
"T495","","",""
"T496","","",""
"T497","","",""
"T498","","",""
"T499","","",""
"T50","","",""
"T500","","",""
"T501","","",""
"T502","","",""
"T503","","",""
"T504","","",""
"T505","","",""
"T506","","",""
"T507","","",""
"T508","","",""
"T509","","",""
"T51","","",""
"T510","","",""
"T511","","",""
"T512","","",""
"T513","","",""
"T518","","",""
"T519","","",""
"T52","","",""
"T520","","",""
"T521","","",""
"T522","","",""
"T523","","",""
"T524","","",""
"T528","","",""
"T529","","",""
"T53","","",""
"T530","","",""
"T531","","",""
"T532","","",""
"T533","","",""
"T534","","",""
"T535","","",""
"T536","","",""
"T537","","",""
"T539","","",""
"T54","","",""
"T540","","",""
"T541","","",""
"T542","","",""
"T543","","",""
"T549","","",""
"T55","","",""
"T56","","",""
"T560","","",""
"T561","","",""
"T562","","",""
"T563","","",""
"T564","","",""
"T565","","",""
"T566","","",""
"T567","","",""
"T568","","",""
"T569","","",""
"T57","","",""
"T570","","",""
"T571","","",""
"T572","","",""
"T573","","",""
"T578","","",""
"T579","","",""
"T58","","",""
"T59","","",""
"T590","","",""
"T591","","",""
"T592","","",""
"T593","","",""
"T594","","",""
"T595","","",""
"T596","","",""
"T597","","",""
"T598","","",""
"T599","","",""
"T60","","",""
"T600","","",""
"T601","","",""
"T602","","",""
"T603","","",""
"T604","","",""
"T608","","",""
"T609","","",""
"T61","","",""
"T610","","",""
"T611","","",""
"T612","","",""
"T618","","",""
"T619","","",""
"T62","","",""
"T620","","",""
"T621","","",""
"T622","","",""
"T628","","",""
"T629","","",""
"T63","","",""
"T630","","",""
"T631","","",""
"T632","","",""
"T633","","",""
"T634","","",""
"T635","","",""
"T636","","",""
"T638","","",""
"T639","","",""
"T64","","",""
"T65","","",""
"T650","","",""
"T651","","",""
"T652","","",""
"T653","","",""
"T654","","",""
"T655","","",""
"T656","","",""
"T658","","",""
"T659","","",""
"T66","","",""
"T67","","",""
"T670","","",""
"T671","","",""
"T672","","",""
"T673","","",""
"T674","","",""
"T675","","",""
"T676","","",""
"T677","","",""
"T678","","",""
"T679","","",""
"T68","","",""
"T69","","",""
"T690","","",""
"T691","","",""
"T698","","",""
"T699","","",""
"T70","","",""
"T700","","",""
"T701","","",""
"T702","","",""
"T703","","",""
"T704","","",""
"T708","","",""
"T709","","",""
"T71","","",""
"T73","","",""
"T730","","",""
"T731","","",""
"T732","","",""
"T733","","",""
"T738","","",""
"T739","","",""
"T74","","",""
"T740","","",""
"T741","","",""
"T742","","",""
"T743","","",""
"T748","","",""
"T749","","",""
"T75","","",""
"T750","","",""
"T751","","",""
"T752","","",""
"T753","","",""
"T754","","",""
"T758","","",""
"T78","","",""
"T780","","",""
"T781","","",""
"T782","","",""
"T783","","",""
"T784","","",""
"T788","","",""
"T789","","",""
"T79","","",""
"T790","","",""
"T791","","",""
"T792","","",""
"T793","","",""
"T794","","",""
"T795","","",""
"T796","","",""
"T797","","",""
"T798","","",""
"T799","","",""
"T80","","",""
"T800","","",""
"T801","","",""
"T802","","",""
"T803","","",""
"T804","","",""
"T805","","",""
"T806","","",""
"T808","","",""
"T809","","",""
"T81","","",""
"T810","","",""
"T811","","",""
"T812","","",""
"T813","","",""
"T814","","",""
"T815","","",""
"T816","","",""
"T817","","",""
"T818","","",""
"T819","","",""
"T82","","",""
"T820","","",""
"T821","","",""
"T822","","",""
"T823","","",""
"T824","","",""
"T825","","",""
"T826","","",""
"T827","","",""
"T828","","",""
"T829","","",""
"T83","","",""
"T830","","",""
"T831","","",""
"T832","","",""
"T833","","",""
"T834","","",""
"T835","","",""
"T836","","",""
"T838","","",""
"T839","","",""
"T84","","",""
"T840","","",""
"T841","","",""
"T842","","",""
"T843","","",""
"T844","","",""
"T845","","",""
"T846","","",""
"T847","","",""
"T848","","",""
"T849","","",""
"T85","","",""
"T850","","",""
"T851","","",""
"T852","","",""
"T853","","",""
"T854","","",""
"T855","","",""
"T856","","",""
"T857","","",""
"T858","","",""
"T859","","",""
"T86","","",""
"T860","","",""
"T861","","",""
"T862","","",""
"T863","","",""
"T864","","",""
"T868","","",""
"T869","","",""
"T87","","",""
"T870","","",""
"T871","","",""
"T872","","",""
"T873","","",""
"T874","","",""
"T875","","",""
"T876","","",""
"T88","","",""
"T880","","",""
"T881","","",""
"T882","","",""
"T883","","",""
"T884","","",""
"T885","","",""
"T886","","",""
"T887","","",""
"T888","","",""
"T889","","",""
"T90","","",""
"T900","","",""
"T901","","",""
"T902","","",""
"T903","","",""
"T904","","",""
"T905","","",""
"T908","","",""
"T909","","",""
"T91","","",""
"T910","","",""
"T911","","",""
"T912","","",""
"T913","","",""
"T914","","",""
"T915","","",""
"T918","","",""
"T919","","",""
"T92","","",""
"T920","","",""
"T921","","",""
"T922","","",""
"T923","","",""
"T924","","",""
"T925","","",""
"T926","","",""
"T928","","",""
"T929","","",""
"T93","","",""
"T930","","",""
"T931","","",""
"T932","","",""
"T933","","",""
"T934","","",""
"T935","","",""
"T936","","",""
"T938","","",""
"T939","","",""
"T94","","",""
"T940","","",""
"T941","","",""
"T95","","",""
"T950","","",""
"T951","","",""
"T952","","",""
"T953","","",""
"T954","","",""
"T958","","",""
"T959","","",""
"T96","","",""
"T97","","",""
"T98","","",""
"T980","","",""
"T981","","",""
"T982","","",""
"T983","","",""
"D594","","",""
"D683","","",""
"D695","","",""
"E058","","",""
"E802","","",""
"G040","","",""
"G628","","",""
"G937","","",""
"G938","","",""
"K20","","",""
"K221","","",""
"N304","","",""
